<?xml version="1.0" encoding="utf-8"?>
<resources>
    <!-- 颜色规范 start -->
    <color name="core_light_bg_title_text_color_light">#FF000000</color>
    <color name="core_light_bg_primary_text_color_light">#FF444444</color>
    <color name="core_light_bg_secondary_text_color_light">#FF888888</color>
    <color name="core_light_bg_secondary2_text_color_light">#FF999999</color>
    <color name="core_light_bg_disable_text_color_light">#FFBBBBBB</color>
    <color name="core_dark_bg_primary_text_color_light">#FFFFFFFF</color>

    <color name="core_primary_bg_color_light">#FFFFFFFF</color>
    <color name="core_bg_color_light">#FFF2F3F5</color>
    <color name="core_primary_color_light">#FF147AFF</color>
    <color name="core_error_tip_color_light">#FFFF584C</color>
    <color name="core_success_tip_color_light">#FF26CB3E</color>
<!--    <color name="core_bubble_bg_color_light">#FFDCEAFD</color>-->
    <color name="core_bubble_bg_color_light">#FF1C6BBA</color>
    <color name="core_divide_color_light">#FFE5E5E5</color>
    <color name="core_border_color_light">#FFDDDDDD</color>
    <color name="core_header_start_color_light">#FFEBF0F6</color>
    <color name="core_header_end_color_light">#FFEBF0F6</color>

    <color name="core_btn_normal_color_light">#FF147AFF</color>
    <color name="core_btn_pressed_color_light">#FF0064E7</color>
    <color name="core_btn_disable_color_light">#4D147AFF</color>
    <!-- 颜色规范 end -->

    <color name="core_title_bar_text_bg_light">#FF000000</color>

</resources>