<?xml version="1.0" encoding="utf-8"?>
<resources>
    <color name="chat_bubble_other_color_serious">#F8F8F9</color>
    <color name="chat_bubble_self_color_serious">@color/core_bubble_bg_color_serious</color>
    <color name="chat_input_layout_bg_serious">#F4F6F9</color>

    <color name="chat_unread_dot_bg_color_serious">#FFFFFFFF</color>

    <color name="chat_other_msg_text_color_serious">#000000</color>
    <color name="chat_self_msg_text_color_serious">#FFFFFF</color>

    <color name="chat_self_custom_msg_text_color_serious">#FFFFFF</color>
    <color name="chat_self_custom_msg_link_color_serious">#00286F</color>
    <color name="chat_other_custom_msg_text_color_serious">#000000</color>
    <color name="chat_other_custom_msg_link_color_serious">#00286F</color>

    <color name="chat_tip_text_color_serious">#147AFF</color>

    <color name="chat_self_reply_quote_bg_color_serious">#1A000000</color>
    <color name="chat_self_reply_line_bg_color_serious">#66FFFFFF</color>
    <color name="chat_self_reply_quote_text_color_serious">#D4E2FF</color>
    <color name="chat_self_reply_text_color_serious">#FFFFFF</color>

    <color name="chat_other_reply_quote_bg_color_serious">#0D444444</color>
    <color name="chat_other_reply_line_bg_color_serious">#1A444444</color>
    <color name="chat_other_reply_quote_text_color_serious">#FF888888</color>
    <color name="chat_other_reply_text_color_serious">#000000</color>

    <color name="chat_read_receipt_text_color_serious">#5695E7</color>
    <color name="chat_react_text_color_serious">#FFFFFF</color>
    <color name="chat_react_other_text_color_serious">#888888</color>

    <color name="chat_pressed_bg_color_serious">#190052FF</color>

</resources>